<?xml version="1.0" encoding="UTF-8"?>
<project-private xmlns="http://www.netbeans.org/ns/project-private/1">
    <editor-bookmarks xmlns="http://www.netbeans.org/ns/editor-bookmarks/2" lastBookmarkId="15">
        <file>
            <url>src/sceneController.java</url>
            <bookmark id="15">
                <name/>
                <line>209</line>
                <key/>
            </bookmark>
            <bookmark id="8">
                <name/>
                <line>339</line>
                <key/>
            </bookmark>
            <bookmark id="9">
                <name/>
                <line>339</line>
                <key/>
            </bookmark>
            <bookmark id="13">
                <name/>
                <line>966</line>
                <key/>
            </bookmark>
            <bookmark id="10">
                <name/>
                <line>1337</line>
                <key/>
            </bookmark>
            <bookmark id="6">
                <name/>
                <line>1337</line>
                <key/>
            </bookmark>
            <bookmark id="7">
                <name/>
                <line>1337</line>
                <key/>
            </bookmark>
            <bookmark id="12">
                <name/>
                <line>1337</line>
                <key/>
            </bookmark>
        </file>
    </editor-bookmarks>
    <open-files xmlns="http://www.netbeans.org/ns/projectui-open-files/2">
        <group>
            <file>file:/C:/Users/Ertas/Desktop/Scenebuilder/kuehlschrankProjekt-rebuilt/src/sceneController.java</file>
            <file>file:/C:/Users/Ertas/Desktop/Scenebuilder/kuehlschrankProjekt-rebuilt/src/Gerate.java</file>
            <file>file:/C:/Users/Ertas/Desktop/Scenebuilder/kuehlschrankProjekt-rebuilt/src/kuehlschrankProjekt.java</file>
            <file>file:/C:/Users/Ertas/Desktop/Scenebuilder/kuehlschrankProjekt-rebuilt/src/Benutzer.java</file>
        </group>
    </open-files>
</project-private>
