<?xml version="1.0" encoding="UTF-8"?>
<project-private xmlns="http://www.netbeans.org/ns/project-private/1">
    <editor-bookmarks xmlns="http://www.netbeans.org/ns/editor-bookmarks/2" lastBookmarkId="12">
        <file>
            <url>src/sceneController.java</url>
            <bookmark id="8">
                <name/>
                <line>282</line>
                <key/>
            </bookmark>
            <bookmark id="9">
                <name/>
                <line>282</line>
                <key/>
            </bookmark>
            <bookmark id="10">
                <name/>
                <line>1073</line>
                <key/>
            </bookmark>
            <bookmark id="6">
                <name/>
                <line>1073</line>
                <key/>
            </bookmark>
            <bookmark id="7">
                <name/>
                <line>1073</line>
                <key/>
            </bookmark>
            <bookmark id="12">
                <name/>
                <line>1073</line>
                <key/>
            </bookmark>
        </file>
    </editor-bookmarks>
    <open-files xmlns="http://www.netbeans.org/ns/projectui-open-files/2">
        <group/>
    </open-files>
</project-private>
